sample,fastq_1,fastq_2,strandedness
WT_REP1,s3://aws-genomics-static-us-east-1/omics-data/test-datasets/nf-core-rnaseq/testdata/GSE110004/SRR6357070_1.fastq.gz,s3://aws-genomics-static-us-east-1/omics-data/test-datasets/nf-core-rnaseq/testdata/GSE110004/SRR6357070_2.fastq.gz,auto
WT_REP1,s3://aws-genomics-static-us-east-1/omics-data/test-datasets/nf-core-rnaseq/testdata/GSE110004/SRR6357071_1.fastq.gz,s3://aws-genomics-static-us-east-1/omics-data/test-datasets/nf-core-rnaseq/testdata/GSE110004/SRR6357071_2.fastq.gz,auto
WT_REP2,s3://aws-genomics-static-us-east-1/omics-data/test-datasets/nf-core-rnaseq/testdata/GSE110004/SRR6357072_1.fastq.gz,s3://aws-genomics-static-us-east-1/omics-data/test-datasets/nf-core-rnaseq/testdata/GSE110004/SRR6357072_2.fastq.gz,reverse
RAP1_UNINDUCED_REP1,s3://aws-genomics-static-us-east-1/omics-data/test-datasets/nf-core-rnaseq/testdata/GSE110004/SRR6357073_1.fastq.gz,,auto
RAP1_UNINDUCED_REP2,s3://aws-genomics-static-us-east-1/omics-data/test-datasets/nf-core-rnaseq/testdata/GSE110004/SRR6357074_1.fastq.gz,,reverse
RAP1_UNINDUCED_REP2,s3://aws-genomics-static-us-east-1/omics-data/test-datasets/nf-core-rnaseq/testdata/GSE110004/SRR6357075_1.fastq.gz,,reverse
RAP1_IAA_30M_REP1,s3://aws-genomics-static-us-east-1/omics-data/test-datasets/nf-core-rnaseq/testdata/GSE110004/SRR6357076_1.fastq.gz,s3://aws-genomics-static-us-east-1/omics-data/test-datasets/nf-core-rnaseq/testdata/GSE110004/SRR6357076_2.fastq.gz,reverse
