{
    "Version": "2012-10-17",
    "Statement": [
        {
            "Effect": "Allow",
            "Action": [
                "s3:ListAllMyBuckets",
                "s3:GetBucketLocation"
            ],
            "Resource": "*"
        },
        {
            "Effect": "Allow",
            "Action": [
                "s3:GetObject"
            ],
            "Resource": [
                "arn:aws:s3:::{{GROUP_NAME}}/*"
            ]
        },
        {
            "Effect": "Allow",
            "Action": [
                "s3:ListBucket"
            ],
            "Resource": [
                "arn:aws:s3:::{{GROUP_NAME}}"
            ]
        },
        {
            "Effect": "Allow",
            "Action": [
                "s3:PutObject"
            ],
            "Resource": [
                "arn:aws:s3:::{{GROUP_NAME}}/*"
            ]
        },
        {
            "Effect": "Allow",
            "Action": [
                "logs:DescribeLogStreams",
                "logs:CreateLogStream",
                "logs:PutLogEvents"
            ],
            "Resource": [
                "arn:aws:logs:{{REGION}}:{{ACCOUNT_ID}}:log-group:/aws/omics/WorkflowLog:log-stream:*"
            ]
        },
        {
            "Effect": "Allow",
            "Action": [
                "logs:CreateLogGroup"
            ],
            "Resource": [
                "arn:aws:logs:{{REGION}}:{{ACCOUNT_ID}}:log-group:/aws/omics/WorkflowLog:*"
            ]
        },
        {
            "Effect": "Allow",
            "Action": [
                "ecr:BatchGetImage",
                "ecr:GetDownloadUrlForLayer",
                "ecr:BatchCheckLayerAvailability"
            ],
            "Resource": [
                "arn:aws:ecr:{{REGION}}:{{ACCOUNT_ID}}:repository/*"
            ]
        }
    ]
}